{"cameraMode":{"drawMode":0,"name":"Shaded","section":"Shading Mode"},"sceneLighting":false,"audioPlay":false,"sceneViewState":{"showFog":false,"showMaterialUpdate":false,"showSkybox":false,"showFlares":false,"showImageEffects":false,"showParticleSystems":false},"in2DMode":false,"pivot":{"x":5.960464477539063e-8,"y":-8.4399995803833,"z":-0.03000009059906006},"rotation":{"x":-0.15751875936985017,"y":-0.20429489016532899,"z":0.033337969332933429,"w":-0.9655883312225342},"size":4.041658401489258,"orthographic":false}