{"cameraMode":{"drawMode":0,"name":"Shaded","section":"Shading Mode"},"sceneLighting":false,"audioPlay":false,"sceneViewState":{"showFog":false,"showMaterialUpdate":false,"showSkybox":false,"showFlares":false,"showImageEffects":false,"showParticleSystems":false},"in2DMode":false,"pivot":{"x":-0.03485918045043945,"y":1.2850003242492676,"z":2.1600000858306886},"rotation":{"x":-0.09963103383779526,"y":0.048342108726501468,"z":-0.004860855173319578,"w":-0.993894636631012},"size":37.68387222290039,"orthographic":false}