{"cameraMode":{"drawMode":0,"name":"Shaded","section":"Shading Mode"},"sceneLighting":false,"audioPlay":false,"sceneViewState":{"showFog":false,"showMaterialUpdate":false,"showSkybox":false,"showFlares":false,"showImageEffects":false,"showParticleSystems":false},"in2DMode":false,"pivot":{"x":-1.4767128229141236,"y":9.300000190734864,"z":2.1600000858306886},"rotation":{"x":-0.07283364981412888,"y":0.02154739387333393,"z":-0.0015254998579621316,"w":-0.9971722960472107},"size":39.72603225708008,"orthographic":false}