{"cameraMode":{"drawMode":0,"name":"Shaded","section":"Shading Mode"},"sceneLighting":false,"audioPlay":false,"sceneViewState":{"showFog":false,"showMaterialUpdate":false,"showSkybox":false,"showFlares":false,"showImageEffects":false,"showParticleSystems":false},"in2DMode":false,"pivot":{"x":-7.510000228881836,"y":4.569999694824219,"z":2.359999895095825},"rotation":{"x":-0.16790267825126649,"y":0.3063485622406006,"z":-0.054999444633722308,"w":-0.9354009032249451},"size":1.8576240539550782,"orthographic":false}