{"cameraMode":{"drawMode":0,"name":"Shaded","section":"Shading Mode"},"sceneLighting":false,"audioPlay":false,"sceneViewState":{"showFog":false,"showMaterialUpdate":false,"showSkybox":false,"showFlares":false,"showImageEffects":false,"showParticleSystems":false},"in2DMode":false,"pivot":{"x":-0.0022736787796020509,"y":-3.5762786865234377e-7,"z":5.960464477539063e-8},"rotation":{"x":0.00033199391327798367,"y":-0.9973177909851074,"z":0.07344549894332886,"w":0.004192911088466644},"size":49.50062561035156,"orthographic":false}